sentiment,pct_long
Extreme greed,0.4841999425452456
Fear,0.49361698948988203
Greed,0.4249497092782937
Nan,0.5310633878565335
Neutral,0.4908276151799468
