,fear_mean,greed_mean,fear_median,greed_median,n_fear,n_greed,mw_stat,mw_p,t_stat,t_p
daily_pnl,209372.66220543752,99675.5167305,81389.6825155,35988.3764365,32,32,669.0,0.035589192227433085,1.3092672646160282,0.19567563543239797
win_rate,0.4158784540695092,0.37407443523093875,0.3939621144568476,0.4125989656493423,32,32,535.0,0.7625384725608533,0.7648625894754894,0.448320925708963
daily_min_cum_pnl,-10431.168132499999,-10294.545593593753,0.0,0.0,32,32,411.0,0.13302672146649336,-0.012034131775842756,0.990452075130194
avg_leverage,14001.822141061175,19910.93700735995,17.542345274140974,2306.3549632171807,32,32,424.0,0.24004434259843443,-0.22909973473165596,0.8198617107061527
trades_count,4183.46875,1134.03125,2763.5,275.0,32,32,807.0,7.676006943746331e-05,2.81998088338073,0.007474847250943747
avg_trade_size,5926.522722732153,5839.310973510808,3207.887908866018,2709.5321978345146,32,32,547.0,0.6431946345753736,0.04849021723287926,0.9614825519288503
long_short_ratio,0.9681304304525933,7593750001.130221,0.8916383395835117,0.8817817613585619,32,32,507.0,0.9518171803497951,-1.0902888383904383,0.2839885448220707
